{"cameraMode":{"drawMode":0,"name":"Shaded","section":"Shading Mode"},"sceneLighting":true,"audioPlay":false,"sceneViewState":{"showFog":true,"showMaterialUpdate":false,"showSkybox":true,"showFlares":true,"showImageEffects":true,"showParticleSystems":true},"in2DMode":false,"pivot":{"x":0.6711634993553162,"y":-5.284881591796875,"z":-8.27396011352539},"rotation":{"x":0.16417855024337769,"y":0.7352235913276672,"z":-0.19189783930778504,"w":0.6290205717086792},"size":48.872066497802737,"orthographic":true}