{"cameraMode":{"drawMode":0,"name":"Shaded","section":"Shading Mode"},"sceneLighting":true,"audioPlay":false,"sceneViewState":{"showFog":true,"showMaterialUpdate":false,"showSkybox":true,"showFlares":true,"showImageEffects":true,"showParticleSystems":true},"in2DMode":false,"pivot":{"x":0.6711634993553162,"y":-5.284881591796875,"z":-8.27396011352539},"rotation":{"x":0.1666020303964615,"y":0.7115088105201721,"z":-0.180019348859787,"w":0.6584770679473877},"size":26.677104949951173,"orthographic":true}