{"cameraMode":{"drawMode":0,"name":"Shaded","section":"Shading Mode"},"sceneLighting":false,"audioPlay":false,"sceneViewState":{"showFog":true,"showMaterialUpdate":false,"showSkybox":true,"showFlares":true,"showImageEffects":true,"showParticleSystems":true},"in2DMode":false,"pivot":{"x":0.24382376670837403,"y":1.021345853805542,"z":-9.740462303161621},"rotation":{"x":0.13859933614730836,"y":0.8593599796295166,"z":-0.3146652579307556,"w":0.378518670797348},"size":4.041658401489258,"orthographic":false}