{"cameraMode":{"drawMode":0,"name":"Shaded","section":"Shading Mode"},"sceneLighting":false,"audioPlay":false,"sceneViewState":{"showFog":true,"showMaterialUpdate":false,"showSkybox":true,"showFlares":true,"showImageEffects":true,"showParticleSystems":true},"in2DMode":false,"pivot":{"x":-0.6000000238418579,"y":2.569999933242798,"z":-9.576959609985352},"rotation":{"x":0.1306624561548233,"y":0.6786022186279297,"z":-0.12453671544790268,"w":0.7119809985160828},"size":4.041658401489258,"orthographic":false}